{"count":1,"self":7896.92416,"total":19857.733375699998,"children":{"InitializeActuators":{"count":1,"self":0.0009996,"total":0.0009996,"children":null},"InitializeSensors":{"count":1,"self":0.0015000999999999999,"total":0.0015000999999999999,"children":null},"AgentSendState":{"count":18577651,"self":193.5439872,"total":250.2936057,"children":{"CollectObservations":{"count":3715531,"self":4.7165364,"total":4.7165365,"children":null},"WriteActionMask":{"count":3715531,"self":2.2264472,"total":2.2264472,"children":null},"RequestDecision":{"count":3715531,"self":8.3536007999999988,"total":49.8066408,"children":{"AgentInfo.ToProto":{"count":3715531,"self":9.488135999999999,"total":41.4530399,"children":{"GenerateSensorData":{"count":3715531,"self":26.334142399999998,"total":31.9649038,"children":{"RayPerceptionSensor.Perceive":{"count":3715531,"self":5.630762,"total":5.630762,"children":null}}}}}}}}},"DecideAction":{"count":18577651,"self":11546.5732096,"total":11546.5728504,"children":null},"AgentAct":{"count":18577651,"self":163.8573696,"total":163.9397122,"children":{"AgentInfo.ToProto":{"count":5925,"self":0.0164394,"total":0.082336899999999991,"children":{"GenerateSensorData":{"count":5925,"self":0.056394299999999994,"total":0.0658975,"children":{"RayPerceptionSensor.Perceive":{"count":5925,"self":0.0095032,"total":0.0095032,"children":null}}}}}}}},"gauges":{"CrabMonster.CumulativeReward":{"count":5925,"max":190.612061,"min":-37.7354,"runningAverage":50.59039,"value":99.4721146,"weightedAverage":85.9523}},"metadata":{"timer_format_version":"0.1.0","start_time_seconds":"1652890115","unity_version":"2021.3.2f1","command_line_arguments":"C:\\Program Files\\Unity\\Hub\\Editor\\2021.3.2f1\\Editor\\Unity.exe -projectpath C:\\Users\\kenx0\\Terror Maze -useHub -hubIPC -cloudEnvironment production -licensingIpc LicenseClient-kenx0 -hubSessionId 447ba250-d6c4-11ec-a70f-3568176659f4 -accessToken aLlvVnC_thj4LO26C7oL8hlxzDSYqtjmqK8YAaUIJrg008f","communication_protocol_version":"1.5.0","com.unity.ml-agents_version":"2.0.1","scene_name":"SampleScene 1","end_time_seconds":"1652909973"}}